Workbook

Sheet Requirement List
A1: No. | B1: ID | C1: Requirement Name | D1: Details | E1: Remark
A2: 1 | B2: R001 | C2: Login
A3: 2 | B3: R002 | C3: XYZ
A4: 3 | B4: R003 | C4: Manage Client
A5: <<< Insert New Line above this line >>>

Sheet Defect Report
A1: No. | B1: BugID | C1: Status | D1: Requirement Name | E1: Summary | F1: Steps to reproduce | G1: Severity | H1: Frequency | I1: Priority | J1: Attachment (Link to file) | K1: Date | L1: Reporter | M1: Build
A2: 1 | B2: ManageClient-B001 | C2: New | D2: Manage Client | E2: [Manage Client] 'Manage Clients: New' page is not loaded when user click on 'New' button | F2: Test environment: - Platform: FF 5.0, Win7 - Server: http://123.30.67.51/mambo/build1 Steps: 1. Click on menu Components > Banners > Manage Clients 2. Verify that 'Manage Clients' page is loaded and display client list 3. Click on 'New' button in the top right of page 4. Verify that 'Manage Clients: New' page is loaded Expected result: 'Manage Clients: New' page is loaded Actual result: 'Manage Clients: New' page is not loaded | G2: Major | H2: Always | I2: Urgent | J2: No | K2: 40609 | L2: Student ID1 | M2: Build 01
A3: 2 | B3: XYZ-B001 | C3: Closed | D3: XYZ | G3: Minor | H3: Always | I3: Urgent | J3: No | K3: 40609 | L3: Student ID2 | M3: Build 01
A4: <<< Insert New Line above this line >>>
E6: TC: WHAT + CONDITION + EXPECTED
E7: BUG: ACTUAL + CONDITION

Sheet Defect Severity Distribution
A1: DEFECT SEVERITY DISTRIBUTION
A2: No. | B2: Requirement Name | C2: Block | D2: Crash | E2: Major | F2: Minor | G2: Tweak | H2: Text | I2: Trivial | J2: Feature | K2: Total | L2: Fixed | M2: Not fixed
A3: 1 | B3: ='Requirement List'!C2 -> Login | C3: =COUNTIFS('Defect Report'!$L:$L,'Defect Severity Distribution'!$B3,'Defect Report'!$G:$G,C$2) -> 0 | D3: =COUNTIFS('Defect Report'!$D:$D,'Defect Severity Distribution'!$B3,'Defect Report'!$G:$G,D$2) -> 0 | E3: =COUNTIFS('Defect Report'!$D:$D,'Defect Severity Distribution'!$B3,'Defect Report'!$G:$G,E$2) -> 0 | F3: =COUNTIFS('Defect Report'!$D:$D,'Defect Severity Distribution'!$B3,'Defect Report'!$G:$G,F$2) -> 0 | G3: =COUNTIFS('Defect Report'!$D:$D,'Defect Severity Distribution'!$B3,'Defect Report'!$G:$G,G$2) -> 0 | H3: =COUNTIFS('Defect Report'!$D:$D,'Defect Severity Distribution'!$B3,'Defect Report'!$G:$G,H$2) -> 0 | I3: =COUNTIFS('Defect Report'!$D:$D,'Defect Severity Distribution'!$B3,'Defect Report'!$G:$G,I$2) -> 0 | J3: =COUNTIFS('Defect Report'!$D:$D,'Defect Severity Distribution'!$B3,'Defect Report'!$G:$G,J$2) -> 0 | K3: =SUM(C3:F3) -> 0 | L3: =COUNTIFS('Defect Report'!$D:$D,'Defect Severity Distribution'!$B3,'Defect Report'!$C:$C,"Closed") -> 0 | M3: =K3-L3 -> 0
A4: 2 | B4: ='Requirement List'!C3 -> XYZ | C4: =COUNTIFS('Defect Report'!$D:$D,'Defect Severity Distribution'!$B4,'Defect Report'!$G:$G,C$2) -> 0 | D4: =COUNTIFS('Defect Report'!$D:$D,'Defect Severity Distribution'!$B4,'Defect Report'!$G:$G,D$2) -> 0 | E4: =COUNTIFS('Defect Report'!$D:$D,'Defect Severity Distribution'!$B4,'Defect Report'!$G:$G,E$2) -> 0 | F4: =COUNTIFS('Defect Report'!$D:$D,'Defect Severity Distribution'!$B4,'Defect Report'!$G:$G,F$2) -> 1 | G4: =COUNTIFS('Defect Report'!$D:$D,'Defect Severity Distribution'!$B4,'Defect Report'!$G:$G,G$2) -> 0 | H4: =COUNTIFS('Defect Report'!$D:$D,'Defect Severity Distribution'!$B4,'Defect Report'!$G:$G,H$2) -> 0 | I4: =COUNTIFS('Defect Report'!$D:$D,'Defect Severity Distribution'!$B4,'Defect Report'!$G:$G,I$2) -> 0 | J4: =COUNTIFS('Defect Report'!$D:$D,'Defect Severity Distribution'!$B4,'Defect Report'!$G:$G,J$2) -> 0 | K4: =SUM(C4:F4) -> 1 | L4: =COUNTIFS('Defect Report'!$D:$D,'Defect Severity Distribution'!$B4,'Defect Report'!$C:$C,"Closed") -> 1 | M4: =K4-L4 -> 0
A5: 3 | B5: ='Requirement List'!C4 -> Manage Client | C5: =COUNTIFS('Defect Report'!$D:$D,'Defect Severity Distribution'!$B5,'Defect Report'!$G:$G,C$2) -> 0 | D5: =COUNTIFS('Defect Report'!$D:$D,'Defect Severity Distribution'!$B5,'Defect Report'!$G:$G,D$2) -> 0 | E5: =COUNTIFS('Defect Report'!$D:$D,'Defect Severity Distribution'!$B5,'Defect Report'!$G:$G,E$2) -> 1 | F5: =COUNTIFS('Defect Report'!$D:$D,'Defect Severity Distribution'!$B5,'Defect Report'!$G:$G,F$2) -> 0 | G5: =COUNTIFS('Defect Report'!$D:$D,'Defect Severity Distribution'!$B5,'Defect Report'!$G:$G,G$2) -> 0 | H5: =COUNTIFS('Defect Report'!$D:$D,'Defect Severity Distribution'!$B5,'Defect Report'!$G:$G,H$2) -> 0 | I5: =COUNTIFS('Defect Report'!$D:$D,'Defect Severity Distribution'!$B5,'Defect Report'!$G:$G,I$2) -> 0 | J5: =COUNTIFS('Defect Report'!$D:$D,'Defect Severity Distribution'!$B5,'Defect Report'!$G:$G,J$2) -> 0 | K5: =SUM(C5:F5) -> 1 | L5: =COUNTIFS('Defect Report'!$D:$D,'Defect Severity Distribution'!$B5,'Defect Report'!$C:$C,"Closed") -> 0 | M5: =K5-L5 -> 1
A6: <<< Insert New Line above this line >>> | B6: Total | C6: =SUM(C3:C5) -> 0 | D6: =SUM(D3:D5) -> 0 | E6: =SUM(E3:E5) -> 1 | F6: =SUM(F3:F5) -> 1 | G6: =SUM(G3:G5) -> 0 | H6: =SUM(H3:H5) -> 0 | I6: =SUM(I3:I5) -> 0 | J6: =SUM(J3:J5) -> 0 | ... M6: =SUM(M3:M5) -> 1

Sheet Summary
A1: Bug found per tester with priority
A2: Tester Name | B2: Immediate | C2: Urgent | D2: High | E2: Normal | F2: Low | G2: Subtotal
A3: Student ID1 | B3: =COUNTIFS('Defect Report'!$L:$L,$A3,'Defect Report'!$I:$I,B$2) -> 0 | C3: =COUNTIFS('Defect Report'!$L:$L,$A3,'Defect Report'!$I:$I,C$2) -> 1 | D3: =COUNTIFS('Defect Report'!$L:$L,$A3,'Defect Report'!$I:$I,D$2) -> 0 | E3: =COUNTIFS('Defect Report'!$L:$L,$A3,'Defect Report'!$I:$I,E$2) -> 0 | F3: =COUNTIFS('Defect Report'!$L:$L,$A3,'Defect Report'!$I:$I,F$2) -> 0 | G3: =sum(B3:F3) -> 1
A4: Student ID2 | B4: =COUNTIFS('Defect Report'!$L:$L,$A4,'Defect Report'!$I:$I,B$2) -> 0 | C4: =COUNTIFS('Defect Report'!$L:$L,$A4,'Defect Report'!$I:$I,C$2) -> 1 | D4: =COUNTIFS('Defect Report'!$L:$L,$A4,'Defect Report'!$I:$I,D$2) -> 0 | E4: =COUNTIFS('Defect Report'!$L:$L,$A4,'Defect Report'!$I:$I,E$2) -> 0 | F4: =COUNTIFS('Defect Report'!$L:$L,$A4,'Defect Report'!$I:$I,F$2) -> 0 | G4: =sum(B4:F4) -> 1
A5: Student ID3 | B5: =COUNTIFS('Defect Report'!$L:$L,$A5,'Defect Report'!$I:$I,B$2) -> 0 | C5: =COUNTIFS('Defect Report'!$L:$L,$A5,'Defect Report'!$I:$I,C$2) -> 0 | D5: =COUNTIFS('Defect Report'!$L:$L,$A5,'Defect Report'!$I:$I,D$2) -> 0 | E5: =COUNTIFS('Defect Report'!$L:$L,$A5,'Defect Report'!$I:$I,E$2) -> 0 | F5: =COUNTIFS('Defect Report'!$L:$L,$A5,'Defect Report'!$I:$I,F$2) -> 0 | G5: =sum(B5:F5) -> 0
A6: Total | B6: =sum(G3:G5) -> 2
A8: Bug found per tester today and total so far
A9: Tester Name | B9: # Bugs Found Today | C9: # Bug found so far
A10: Student ID1 | B10: =countifs('Defect Report'!$L:$L,$A10,'Defect Report'!$K:$K,TODAY()) -> 0 | C10: =countifs('Defect Report'!$L:$L,$A10,'Defect Report'!$B:$B,"<>""") -> 1
A11: Student ID2 | B11: =countifs('Defect Report'!$L:$L,$A11,'Defect Report'!$K:$K,TODAY()) -> 0 | C11: =countifs('Defect Report'!$L:$L,$A11,'Defect Report'!$B:$B,"<>""") -> 1
A12: Student ID3 | B12: =countifs('Defect Report'!$L:$L,$A12,'Defect Report'!$K:$K,TODAY()) -> 0 | C12: =countifs('Defect Report'!$L:$L,$A12,'Defect Report'!$B:$B,"<>""") -> 0
A13: Total | B13: =sum(B10:B12) -> 0 | C13: =sum(C10:C12) -> 2
A15: Bug found per build
A16: Build | B16: # of Bug Found | C16: # of Bug Closed | D16: # Bug Reopened | E16: Date
A17: Build 01 | B17: =countifs( 'Defect Report'!$B:$B,"<>""", 'Defect Report'!$M:$M,$A17) -> 2 | C17: =countifs('Defect Report'!$C:$C,"Closed", 'Defect Report'!$M:$M,$A17) -> 1 | D17: =countifs('Defect Report'!$C:$C,"Reopened", 'Defect Report'!$M:$M,$A17) -> 0
A18: Build 02 | B18: =countifs( 'Defect Report'!$B:$B,"<>""", 'Defect Report'!$M:$M,$A18) -> 0 | C18: =countifs('Defect Report'!$C:$C,"Closed", 'Defect Report'!$M:$M,$A18) -> 0 | D18: =countifs('Defect Report'!$C:$C,"Reopened", 'Defect Report'!$M:$M,$A18) -> 0
A19: Build 03 | B19: =countifs( 'Defect Report'!$B:$B,"<>""", 'Defect Report'!$M:$M,$A19) -> 0 | C19: =countifs('Defect Report'!$C:$C,"Closed", 'Defect Report'!$M:$M,$A19) -> 0 | D19: =countifs('Defect Report'!$C:$C,"Reopened", 'Defect Report'!$M:$M,$A19) -> 0
A20: Total | B20: =sum(B17:B19) -> 2 | C20: =sum(C17:C19) -> 1 | D20: =sum(D17:D19) -> 0

Sheet Prompt History
A1: Student ID | B1: AI Tool | C1: Prompt Link | D1: Verdict | E1: Reasoning (ISTQB) | F1: Student Fix
A2: 123 | B2: ChatGPT/Gemini/Copilot | D2: Incomplete/Valid/Invalid

Sheet Legend
A1: Priority
A2: Immediate
A3: Urgent
A4: High
A5: Normal
A6: Low
A8: Defect Status | C8: New/Opened
A9: New | B9: Opened | C9: Assigned
A10: Closed | B10: Fixed/Resolved
A11: Reopened
A14: Severity | B14: Description
A15: Block | B15: critical negative impact; this issue is holding up progress on another issue/task/project
A16: Crash | B16: severe negative impact; hardware/software necessary for job duties is crashed/crashing
A17: Major | B17: large negative impact; no workaround available
A18: Minor | B18: medium negative impact; no workaround available
A19: Tweak | B19: small negative impact; workaround is unavailable or is very complex/inefficient
A20: Text | B20: tiny negative impact; text-based content needs updated
A21: Trivial | B21: annoyance/hindrance; a simple workaround is available
A22: Feature | B22: no negative impact on current processes; request for additional functionality
A24: Frequency
A25: Always
A26: Sometimes
A27: Random
A28: Have not tried
A29: Unable to reproduce
A30: None
