Workbook

Sheet Requirement List
A1: No. | B1: ID | C1: Requirement Name | D1: Details | E1: Remark | F1: Number of TCs
A2: 1 | B2: R001 | C2: Home | D2: Hiển thị thông tin tất cả các Article (trang chủ - Home). Thông tin một article bao gồm hình đại diện, tiêu đề và mô tả tóm tắt, 1 dòng hiển thị tối đa 3 articles. | F2: =countif('Test Cases'!D:D,C2) -> 0
A3: 2 | B3: R002 | C3: Login | F3: =countif('Test Cases'!D:D,C3) -> 2
A4: 3 | B4: R003 | C4: Manage Client | F4: =countif('Test Cases'!D:D,C4) -> 1
F5: =countif('Test Cases'!D:D,C5) -> 0
A6: <<< Insert New Line above this line >>> | D6: Total | E6: Total | F6: =SUM(F2:F5) -> 3

Sheet Test Types
A1: No. | B1: ID | C1: Test Type | D1: Details | E1: Number of TCs
A2: 1 | B2: Functional | C2: Functional Testing | E2: =countif('Test Cases'!C:C,B2) -> 2
A3: 2 | B3: Security | C3: Security Testing | E3: =countif('Test Cases'!C:C,B3) -> 1
A4: 3 | B4: GUI&Usability | C4: GUI & Usability Testing | E4: =countif('Test Cases'!C:C,B4) -> 0
A5: 4 | B5: Performance | C5: Performance Testing | E5: =countif('Test Cases'!C:C,B5) -> 0
A6: 5 | B6: Compatibility | C6: Compatibility Testing | E6: =countif('Test Cases'!C:C,B6) -> 0
A7: <<< Insert New Line above this line >>> | D7: Total | E7: =SUM(E2:E6) -> 3

Sheet Test Cases
M1: Test Execution 2 (Build 1-fixed) | S1: Test Execution 1 (Build 1)
A2: No. | B2: Test Case ID | C2: Test Type | D2: Requirement Name | E2: Build/Release | F2: Test case name/Objective | G2: Precondition | H2: Test steps | I2: Test Data | J2: Expected Result | K2: Created By | L2: AI Generated | M2: Actual Result | N2: Status | O2: Bug ID | P2: Tester | Q2: Tested Date | R2: Remark | S2: Actual Result | T2: Status | U2: Bug ID | V2: Tester | W2: Tested Date | X2: Remark
A4: 1 | B4: Login-TC001 | C4: Security | D4: Login | F4: Blank username | H4: 1. Enter User Name 2.Enter Password 3. Click "Ok" button | I4: Username: "", Password: "abcd" | K4: Student ID1 | M4: as expected | N4: Passed | S4: as expected | T4: Passed
A5: 2 | B5: Login-TC002 | C5: Functional | D5: Login | F5: Check Login fail with blank Password | H5: 1. Enter User Name 2.Enter Password 3. Click "Ok" button | I5: User Name : "abcd", Password: "" | K5: Student ID1 | M5: XYZ | N5: Failed | O5: BugID | S5: XYZ | T5: Failed | U5: BugID
A6: 3 | B6: Manage Client-TC001 | C6: Functional | D6: Manage Client | F6: Verify that 'Manage Clients' page is loaded and display client list | H6: Test environment: - Platform: FF 5.0, Win7 - Server: http://123.30.67.51/mambo/build1 Steps: 1. Click on menu Components > Banners > Manage Clients 2. Verify that 'Manage Clients' page is loaded and display client list 3. Click on 'New' button in the top right of page 4. Verify that 'Manage Clients: New' page is loaded | K6: Student ID3
A7: 4
A8: <<< Insert New Line above this line >>>

Sheet Prompt History
A1: Student ID | B1: AI Tool | C1: Prompt Link | D1: Verdict | E1: Reasoning (ISTQB) | F1: Student Fix
A2: 123 | B2: ChatGPT/Gemini/Copilot | D2: Incomplete/Valid/Invalid

Sheet Test Summary Report
A1: TEST SUMMARY REPORT
A2: Project Name | C2: <Project Name> | F2: Reviewer | H2: <Reviewer>
A3: Creator | C3: <Creator> | F3: Approver | H3: <Approver>
A4: Note
B5: Test Coverage: | C5: =D12/J12 -> 0.66666667
B6: Successful Test Coverage: | C6: =E12/J12 -> 0.33333333 | J6: Date: | K6: <yyyy/mm/dd>
A8: No | B8: Requirement ID | C8: Requirement name | D8: Tested | E8: Passed | F8: Failed | G8: Blocked | H8: Skipped | I8: Not Yet Tested | J8: Total | K8: Tested Coverage
A9: 1 | B9: ='Requirement List'!B2 -> R001 | C9: ='Requirement List'!C2 -> Home | D9: =SUM('Test Summary Report'!$E9:$G9) -> 0 | E9: =COUNTIFS('Test Cases'!$D:$D,'Test Summary Report'!$C9,'Test Cases'!$N:$N,'Test Summary Report'!E$8) -> 0 | F9: =COUNTIFS('Test Cases'!$D:$D,'Test Summary Report'!$C9,'Test Cases'!$N:$N,'Test Summary Report'!F$8) -> 0 | G9: =COUNTIFS('Test Cases'!$D:$D,'Test Summary Report'!$C9,'Test Cases'!$N:$N,'Test Summary Report'!G$8) -> 0 | H9: =COUNTIFS('Test Cases'!$D:$D,'Test Summary Report'!$C9,'Test Cases'!$N:$N,'Test Summary Report'!H$8) -> 0 | I9: =COUNTIFS('Test Cases'!$D:$D,'Test Summary Report'!$C9)-sum(D9,H9) -> 0 | J9: =SUM('Test Summary Report'!$E9:$I9) -> 0 | K9: ='Test Summary Report'!$D9/'Test Summary Report'!$J9 -> #DIV/0!
A10: 2 | B10: ='Requirement List'!B3 -> R002 | C10: ='Requirement List'!C3 -> Login | D10: =SUM('Test Summary Report'!$E10:$G10) -> 2 | E10: =COUNTIFS('Test Cases'!$D:$D,'Test Summary Report'!$C10,'Test Cases'!$N:$N,'Test Summary Report'!E$8) -> 1 | F10: =COUNTIFS('Test Cases'!$D:$D,'Test Summary Report'!$C10,'Test Cases'!$N:$N,'Test Summary Report'!F$8) -> 1 | G10: =COUNTIFS('Test Cases'!$D:$D,'Test Summary Report'!$C10,'Test Cases'!$N:$N,'Test Summary Report'!G$8) -> 0 | H10: =COUNTIFS('Test Cases'!$D:$D,'Test Summary Report'!$C10,'Test Cases'!$N:$N,'Test Summary Report'!H$8) -> 0 | I10: =COUNTIFS('Test Cases'!$D:$D,'Test Summary Report'!$C10)-sum(D10,H10) -> 0 | J10: =SUM('Test Summary Report'!$E10:$I10) -> 2 | K10: ='Test Summary Report'!$D10/'Test Summary Report'!$J10 -> 1
A11: 3 | B11: ='Requirement List'!B4 -> R003 | C11: ='Requirement List'!C4 -> Manage Client | D11: =SUM('Test Summary Report'!$E11:$G11) -> 0 | E11: =COUNTIFS('Test Cases'!$D:$D,'Test Summary Report'!$C11,'Test Cases'!$N:$N,'Test Summary Report'!E$8) -> 0 | F11: =COUNTIFS('Test Cases'!$D:$D,'Test Summary Report'!$C11,'Test Cases'!$N:$N,'Test Summary Report'!F$8) -> 0 | G11: =COUNTIFS('Test Cases'!$D:$D,'Test Summary Report'!$C11,'Test Cases'!$N:$N,'Test Summary Report'!G$8) -> 0 | H11: =COUNTIFS('Test Cases'!$D:$D,'Test Summary Report'!$C11,'Test Cases'!$N:$N,'Test Summary Report'!H$8) -> 0 | I11: =COUNTIFS('Test Cases'!$D:$D,'Test Summary Report'!$C11)-sum(D11,H11) -> 1 | J11: =SUM('Test Summary Report'!$E11:$I11) -> 1 | K11: ='Test Summary Report'!$D11/'Test Summary Report'!$J11 -> 0
A12: <<< Insert New Line above this line >>> | C12: Total | D12: =SUM(D9:D11) -> 2 | E12: =SUM(E9:E11) -> 1 | F12: =SUM(F9:F11) -> 1 | G12: =SUM(G9:G11) -> 0 | H12: =SUM(H9:H11) -> 0 | I12: =SUM(I9:I11) -> 1 | J12: =SUM(J9:J11) -> 3 | K12: =C5 -> 0.66666667

Sheet Legend
A1: Test Case Status
A2: Passed | B2: Expected = Actual
A3: Failed | B3: Expected <> Actual | C3: => Bug ID
A4: Blocked | B4: Can not test
A5: Skipped | B5: Do not need to test now
A6: Not Yet Tested
